Workbook

Sheet Inclusão
A1: Dados da Apólice e Item da Apólice - EXPORTAÇÃO | AM1: Primeiro dia do mês da ativação | AR1: =SUM(AR3:AR1048576) -> 716491.49 | AS1: =SUM(AS3:AS1048576) -> 538557.99 | AT1: Frota total | AU1: Apólice Endosso | AY1: =SUM(AY3:AY1048576) -> 538557.43 | AZ1: =AS1-AY1 -> 0.5615974
A2: Endosso | B2: Data Endosso | C2: Item da Apólice | D2: N° Apólice Seguradora | E2: Seguradora | F2: Corretora | G2: Início da Vigência | H2: Final da Vigência | I2: Data Apólice | J2: Cnpj Cliente | K2: Cliente | L2: Placa | M2: Placa Substituição | N2: Chassi | O2: Montadora | P2: Fabricante | Q2: Modelo | R2: Ano Fabricação | S2: Ano Modelo | T2: Fipe | U2: Percentual Fipe | V2: Valor Fipe Veículo | W2: Valor Casco | X2: Valor Franquia | Y2: Valor Desconto Franquia | Z2: Valor RCF | AA2: Valor Danos Materiais | AB2: Valor Danos Morais | AC2: Valor Danos Corporais | AD2: Valor App Morte | AE2: Valor App Invalidez | AF2: Premio Casco | AG2: Premio RCF | AH2: Prêmio Danos Materiais | AI2: Prêmio Danos Morais | AJ2: Prêmio Danos Corporais | AK2: Prêmio App Morte | AL2: Prêmio App Invalidez | AM2: Início Vigência (Item) | AN2: Final Vigência (Item) | AO2: Custo Emissão | AP2: Tipo Cobertura | AQ2: Região do Seguro | AR2: Valor Pagamento | AS2: Cotação GM Fleet (70% prêmio + IOF) | AT2: Data proposta | AU2: Valor Blindagem | AV2: Tipo Cobertura | AW2: Cobertura Vidro | AX2: Valor Franquia | AY2: Cotação Tokio (70% prêmio + IOF) | AZ2: FRANQUIA
A3: INCLUSAO | B3: 46114 | C3: 0 | D3: 05.31.37765770 | E3: 2103 | F3: 2103 | J3: 25.043.386/0003-01 | K3: PHINIA DELPHI BRASIL LTDA | L3: QSP8I11 | N3: 9BGEA48H0TG191769 | O3: GM - Chevrolet | P3: 5A48HTR7K | Q3: ONIX HATCH 1.0 TURBO FLEX 5P AUT. MY26 | R3: 2026 | S3: 2026 | T3: 004514-4 | U3: 85 | V3: 104702 | W3: 175.49 | X3: 485.38 | Y3: 0 | Z3: 75.21 | AA3: 0 | AB3: 0 | AC3: 0 | AD3: 0 | AE3: 0 | AF3: 15705.3 | AG3: 320000 | AH3: 150000 | AI3: 0 | AJ3: 150000 | AK3: 10000 | AL3: 10000 | AM3: 46113 | AN3: 46447 | AO3: 0 | AP3: 0 | AQ3: 0 | AR3: =((W3+Z3)*11) -> 2757.7 | AS3: =(AR3*70%)+((AR3*70%)*7.38%) -> 2072.8528 | AT3: 28/01/2026 | AU3: =VLOOKUP(N3,'Apólice Endosso'!D:XFD,23,0) -> 0 | AV3: =VLOOKUP(N3,'Apólice Endosso'!D:XFD,28,0) -> Padrão (100%) sem blindagem - 150k - Contrato 2025 | AW3: =IF(VLOOKUP(N3,'Apólice Endosso'!D:XFD,47,0)=0,"",VLOOKUP(N3,'Apólice Endosso'!D:XFD,47,0)) | AX3: =VLOOKUP(N3,'Apólice Endosso'!D:XFD,30,0) -> 5824.6 | AY3: 2061.2021 | AZ3: 5824.6
A4: INCLUSAO | B4: 46114 | C4: 0 | D4: 05.31.37765770 | E4: 2103 | F4: 2103 | J4: 54.946.356/0001-41 | K4: DIVINO CITRUS LTDA | L4: UFB0J24 | N4: 3GN7D8RR6SS170479 | O4: GM - Chevrolet | P4: 3DLKRSPEE | Q4: Equinox EV 2025 | R4: 2025 | S4: 2025 | T4: 004554-3 | U4: 85 | V4: 0 | W4: 231.98 | X4: 1458.29 | Y4: 0 | Z4: 99.42 | AA4: 0 | AB4: 0 | AC4: 0 | AD4: 0 | AE4: 0 | AF4: 0 | AG4: 620000 | AH4: 300000 | AI4: 0 | AJ4: 300000 | AK4: 10000 | AL4: 10000 | AM4: 46113 | AN4: 46447 | AO4: 0 | AP4: 0 | AQ4: 0 | AR4: =((W4+Z4)*11) -> 3645.4 | AS4: =(AR4*70%)+((AR4*70%)*7.38%) -> 2740.1014 | AT4: 13/02/2026 | AU4: =VLOOKUP(N4,'Apólice Endosso'!D:XFD,23,0) -> 0 | AV4: =VLOOKUP(N4,'Apólice Endosso'!D:XFD,28,0) -> Padrão (100%) sem blindagem - 300k - Contrato 2025 | AW4: =IF(VLOOKUP(N4,'Apólice Endosso'!D:XFD,47,0)=0,"",VLOOKUP(N4,'Apólice Endosso'!D:XFD,47,0)) | AX4: =VLOOKUP(N4,'Apólice Endosso'!D:XFD,30,0) -> 17499.5 | AY4: 2671.7433 | AZ4: 17499.5
A5: INCLUSAO | B5: 46114 | C5: 0 | D5: 05.31.37765770 | E5: 2103 | F5: 2103 | J5: 43.017.222/0001-20 | K5: MEDSEG | L5: UDI1G51 | N5: 3GNKD9RK6RS256923 | O5: GM - Chevrolet | P5: 3KCRJRPEA | Q5: Blazer EV RS | R5: 2024 | S5: 2024 | T5: 004553-5 | U5: 85 | V5: 0 | W5: 328.53 | X5: 2065.18 | Y5: 0 | Z5: 140.8 | AA5: 0 | AB5: 0 | AC5: 0 | AD5: 0 | AE5: 0 | AF5: 0 | AG5: 620000 | AH5: 300000 | AI5: 0 | AJ5: 300000 | AK5: 10000 | AL5: 10000 | AM5: 46113 | AN5: 46447 | AO5: 0 | AP5: 0 | AQ5: 0 | AR5: =((W5+Z5)*11) -> 5162.63 | AS5: =(AR5*70%)+((AR5*70%)*7.38%) -> 3880.5425 | AT5: 09/02/2026 | AU5: =VLOOKUP(N5,'Apólice Endosso'!D:XFD,23,0) -> 0 | AV5: =VLOOKUP(N5,'Apólice Endosso'!D:XFD,28,0) -> Padrão (100%) sem blindagem - 300k - Contrato 2025 | AW5: =IF(VLOOKUP(N5,'Apólice Endosso'!D:XFD,47,0)=0,"",VLOOKUP(N5,'Apólice Endosso'!D:XFD,47,0)) | AX5: =VLOOKUP(N5,'Apólice Endosso'!D:XFD,30,0) -> 24782.1 | AY5: 3715.3695 | AZ5: 24782.1
A6: INCLUSAO | B6: 46114 | C6: 0 | D6: 05.31.37765770 | E6: 2103 | F6: 2103 | J6: 40.432.544/0001-47 | K6: CLARO | L6: UDP2G94 | N6: 8AGEB76D0TR101038 | O6: GM - Chevrolet | P6: 3B76DTR8D | Q6: TRACKER LT 1.0 TURBO 12V FLEX AUT. MY26 ROS | R6: 2025 | S6: 2026 | T6: 004522-5 | U6: 85 | V6: 133248 | W6: 139.63 | X6: 587.42 | Y6: 0 | Z6: 59.84 | AA6: 0 | AB6: 0 | AC6: 0 | AD6: 0 | AE6: 0 | AF6: 19987.2 | AG6: 2220000 | AH6: 1000000 | AI6: 200000 | AJ6: 1000000 | AK6: 10000 | AL6: 10000 | AM6: 46113 | AN6: 46447 | AO6: 0 | AP6: 0 | AQ6: 0 | AR6: =((W6+Z6)*11) -> 2194.17 | AS6: =(AR6*70%)+((AR6*70%)*7.38%) -> 1649.2698 | AT6: 05/12/2025 | AU6: =VLOOKUP(N6,'Apólice Endosso'!D:XFD,23,0) -> 0 | AV6: =VLOOKUP(N6,'Apólice Endosso'!D:XFD,28,0) -> Padrão (100%) sem blindagem - 1M - Contrato 2025 | AW6: =IF(VLOOKUP(N6,'Apólice Endosso'!D:XFD,47,0)=0,"",VLOOKUP(N6,'Apólice Endosso'!D:XFD,47,0)) | AX6: =VLOOKUP(N6,'Apólice Endosso'!D:XFD,30,0) -> 7049 | AY6: 1673.5925 | AZ6: 7049
A7: INCLUSAO | B7: 46114 | C7: 0 | D7: 05.31.37765770 | E7: 2103 | F7: 2103 | J7: 40.432.544/0001-47 | K7: CLARO | L7: QSS3E70 | N7: 9BGEB76D0TB127146 | O7: GM - Chevrolet | P7: 5B76DTR8D | Q7: TRACKER LT 1.0 TURBO 12V FLEX AUT. MY26 | R7: 2026 | S7: 2026 | T7: 004522-5 | U7: 85 | V7: 133248 | W7: 139.63 | X7: 587.42 | Y7: 0 | Z7: 59.84 | AA7: 0 | AB7: 0 | AC7: 0 | AD7: 0 | AE7: 0 | AF7: 19987.2 | AG7: 2220000 | AH7: 1000000 | AI7: 200000 | AJ7: 1000000 | AK7: 10000 | AL7: 10000 | AM7: 46113 | AN7: 46447 | AO7: 0 | AP7: 0 | AQ7: 0 | AR7: =((W7+Z7)*11) -> 2194.17 | AS7: =(AR7*70%)+((AR7*70%)*7.38%) -> 1649.2698 | AT7: 05/12/2025 | AU7: =VLOOKUP(N7,'Apólice Endosso'!D:XFD,23,0) -> 0 | AV7: =VLOOKUP(N7,'Apólice Endosso'!D:XFD,28,0) -> Padrão (100%) sem blindagem - 1M - Contrato 2025 | AW7: =IF(VLOOKUP(N7,'Apólice Endosso'!D:XFD,47,0)=0,"",VLOOKUP(N7,'Apólice Endosso'!D:XFD,47,0)) | AX7: =VLOOKUP(N7,'Apólice Endosso'!D:XFD,30,0) -> 7049 | AY7: 1673.5925 | AZ7: 7049
A8: INCLUSAO | B8: 46114 | C8: 0 | D8: 05.31.37765770 | E8: 2103 | F8: 2103 | J8: 40.432.544/0001-47 | K8: CLARO | L8: UDM3A26 | N8: 9BGEB76D0TB126985 | O8: GM - Chevrolet | P8: 5B76DTR8D | Q8: TRACKER LT 1.0 TURBO 12V FLEX AUT. MY26 | R8: 2026 | S8: 2026 | T8: 004522-5 | U8: 85 | V8: 133248 | W8: 139.63 | X8: 587.42 | Y8: 0 | Z8: 59.84 | AA8: 0 | AB8: 0 | AC8: 0 | AD8: 0 | AE8: 0 | AF8: 19987.2 | AG8: 2220000 | AH8: 1000000 | AI8: 200000 | AJ8: 1000000 | AK8: 10000 | AL8: 10000 | AM8: 46113 | AN8: 46447 | AO8: 0 | AP8: 0 | AQ8: 0 | AR8: =((W8+Z8)*11) -> 2194.17 | AS8: =(AR8*70%)+((AR8*70%)*7.38%) -> 1649.2698 | AT8: 05/12/2025 | AU8: =VLOOKUP(N8,'Apólice Endosso'!D:XFD,23,0) -> 0 | AV8: =VLOOKUP(N8,'Apólice Endosso'!D:XFD,28,0) -> Padrão (100%) sem blindagem - 1M - Contrato 2025 | AW8: =IF(VLOOKUP(N8,'Apólice Endosso'!D:XFD,47,0)=0,"",VLOOKUP(N8,'Apólice Endosso'!D:XFD,47,0)) | AX8: =VLOOKUP(N8,'Apólice Endosso'!D:XFD,30,0) -> 7049 | AY8: 1673.5925 | AZ8: 7049
A9: INCLUSAO | B9: 46114 | C9: 0 | D9: 05.31.37765770 | E9: 2103 | F9: 2103 | J9: 40.432.544/0001-47 | K9: CLARO | L9: UDT3C49 | N9: 9BGEB76D0TB126931 | O9: GM - Chevrolet | P9: 5B76DTR8D | Q9: TRACKER LT 1.0 TURBO 12V FLEX AUT. MY26 | R9: 2026 | S9: 2026 | T9: 004522-5 | U9: 85 | V9: 133248 | W9: 139.63 | X9: 587.42 | Y9: 0 | Z9: 59.84 | AA9: 0 | AB9: 0 | AC9: 0 | AD9: 0 | AE9: 0 | AF9: 19987.2 | AG9: 2220000 | AH9: 1000000 | AI9: 200000 | AJ9: 1000000 | AK9: 10000 | AL9: 10000 | AM9: 46113 | AN9: 46447 | AO9: 0 | AP9: 0 | AQ9: 0 | AR9: =((W9+Z9)*11) -> 2194.17 | AS9: =(AR9*70%)+((AR9*70%)*7.38%) -> 1649.2698 | AT9: 05/12/2025 | AU9: =VLOOKUP(N9,'Apólice Endosso'!D:XFD,23,0) -> 0 | AV9: =VLOOKUP(N9,'Apólice Endosso'!D:XFD,28,0) -> Padrão (100%) sem blindagem - 1M - Contrato 2025 | AW9: =IF(VLOOKUP(N9,'Apólice Endosso'!D:XFD,47,0)=0,"",VLOOKUP(N9,'Apólice Endosso'!D:XFD,47,0)) | AX9: =VLOOKUP(N9,'Apólice Endosso'!D:XFD,30,0) -> 7049 | AY9: 1673.5925 | AZ9: 7049
A10: INCLUSAO | B10: 46118 | C10: 0 | D10: 05.31.37765770 | E10: 2103 | F10: 2103 | J10: 43.894.609/0001-64 | K10: POLITEC SAUDE | L10: GIY5G42 | N10: 9BGEA48H0TG205966 | O10: GM - Chevrolet | P10: 3A48HTRFL | Q10: ONIX HATCH 1.0 TB FLEX 5P MEC. MY26 | R10: 2026 | S10: 2026 | T10: 004512-8 | U10: 85 | V10: 97920 | W10: 163.68 | X10: 452.72 | Y10: 0 | Z10: 70.15 | AA10: 0 | AB10: 0 | AC10: 0 | AD10: 0 | AE10: 0 | AF10: 14688 | AG10: 320000 | AH10: 150000 | AI10: 0 | AJ10: 150000 | AK10: 10000 | AL10: 10000 | AM10: 46113 | AN10: 46447 | AO10: 0 | AP10: 0 | AQ10: 0 | AR10: =((W10+Z10)*11) -> 2572.13 | AS10: =(AR10*70%)+((AR10*70%)*7.38%) -> 1933.3672 | AT10: 12/12/2025 | AU10: =VLOOKUP(N10,'Apólice Endosso'!D:XFD,23,0) -> 0 | AV10: =VLOOKUP(N10,'Apólice Endosso'!D:XFD,28,0) -> Padrão (100%) sem blindagem - 150k - Contrato 2025 | AW10: =IF(VLOOKUP(N10,'Apólice Endosso'!D:XFD,47,0)=0,"",VLOOKUP(N10,'Apólice Endosso'!D:XFD,47,0)) | AX10: =VLOOKUP(N10,'Apólice Endosso'!D:XFD,30,0) -> 5432.6 | AY10: 1933.5487 | AZ10: 5432.6
A11: INCLUSAO | B11: 46118 | C11: 0 | D11: 05.31.37765770 | E11: 2103 | F11: 2103 | J11: 55.297.253/0001-60 | K11: TECNO TOOLS FERRAMENTAS E ABRASIVOS LTDA | L11: QSQ8G21 | N11: 9BGEA48A0TG199720 | O11: GM - Chevrolet | P11: 5A48ATR7J | Q11: ONIX HATCH LS 1.0 12V FLEX 5P MEC. MY26 | R11: 2026 | S11: 2026 | T11: 004517-9 | U11: 85 | V11: 84669 | W11: 152.16 | X11: 420.86 | Y11: 0 | Z11: 65.21 | AA11: 0 | AB11: 0 | AC11: 0 | AD11: 0 | AE11: 0 | AF11: 12700.35 | AG11: 320000 | AH11: 150000 | AI11: 0 | AJ11: 150000 | AK11: 10000 | AL11: 10000 | AM11: 46113 | AN11: 46447 | AO11: 0 | AP11: 0 | AQ11: 0 | AR11: =((W11+Z11)*11) -> 2391.07 | AS11: =(AR11*70%)+((AR11*70%)*7.38%) -> 1797.2717 | AT11: 11/02/2026 | AU11: =VLOOKUP(N11,'Apólice Endosso'!D:XFD,23,0) -> 0 | AV11: =VLOOKUP(N11,'Apólice Endosso'!D:XFD,28,0) -> Padrão (100%) sem blindagem - 150k - Contrato 2025 | AW11: =IF(VLOOKUP(N11,'Apólice Endosso'!D:XFD,47,0)=0,"",VLOOKUP(N11,'Apólice Endosso'!D:XFD,47,0)) | AX11: =VLOOKUP(N11,'Apólice Endosso'!D:XFD,30,0) -> 5050.35 | AY11: 1809.0309 | AZ11: 5050.35
A12: INCLUSAO | B12: 46119 | C12: 0 | D12: 05.31.37765770 | E12: 2103 | F12: 2103 | J12: 43.894.609/0001-64 | K12: POLITEC SAUDE | L12: UFH2J24 | N12: 9BGEA48H0TG205958 | O12: GM - Chevrolet | P12: 3A48HTRFL | Q12: ONIX HATCH 1.0 TB FLEX 5P MEC. MY26 | R12: 2026 | S12: 2026 | T12: 004512-8 | U12: 85 | V12: 97920 | W12: 163.68 | X12: 452.72 | Y12: 0 | Z12: 70.15 | AA12: 0 | AB12: 0 | AC12: 0 | AD12: 0 | AE12: 0 | AF12: 14688 | AG12: 320000 | AH12: 150000 | AI12: 0 | AJ12: 150000 | AK12: 10000 | AL12: 10000 | AM12: 46113 | AN12: 46447 | AO12: 0 | AP12: 0 | AQ12: 0 | AR12: =((W12+Z12)*11) -> 2572.13 | AS12: =(AR12*70%)+((AR12*70%)*7.38%) -> 1933.3672 | AT12: 12/12/2025 | AU12: =VLOOKUP(N12,'Apólice Endosso'!D:XFD,23,0) -> 0 | AV12: =VLOOKUP(N12,'Apólice Endosso'!D:XFD,28,0) -> Padrão (100%) sem blindagem - 150k - Contrato 2025 | AW12: =IF(VLOOKUP(N12,'Apólice Endosso'!D:XFD,47,0)=0,"",VLOOKUP(N12,'Apólice Endosso'!D:XFD,47,0)) | AX12: =VLOOKUP(N12,'Apólice Endosso'!D:XFD,30,0) -> 5432.6 | AY12: 1933.5487 | AZ12: 5432.6
A13: INCLUSAO | B13: 46119 | C13: 0 | D13: 05.31.37765770 | E13: 2103 | F13: 2103 | J13: 07.457.118/0001-92 | K13: MAESTRA PRESTACAO DE SERVICOS DE APOIO A EDUCACAO LTDA | L13: UDL7A42 | N13: 3GNKD9RK7RS256526 | O13: GM - Chevrolet | P13: 3KCRJRPEA | Q13: Blazer EV RS | R13: 2024 | S13: 2024 | T13: 004553-5 | U13: 85 | V13: 0 | W13: 324.19 | X13: 2037.92 | Y13: 0 | Z13: 138.94 | AA13: 0 | AB13: 0 | AC13: 0 | AD13: 0 | AE13: 0 | AF13: 0 | AG13: 620000 | AH13: 300000 | AI13: 0 | AJ13: 300000 | AK13: 10000 | AL13: 10000 | AM13: 46113 | AN13: 46447 | AO13: 0 | AP13: 0 | AQ13: 0 | AR13: =((W13+Z13)*11) -> 5094.43 | AS13: =(AR13*70%)+((AR13*70%)*7.38%) -> 3829.2793 | AT13: 30/12/2025 | AU13: =VLOOKUP(N13,'Apólice Endosso'!D:XFD,23,0) -> 0 | AV13: =VLOOKUP(N13,'Apólice Endosso'!D:XFD,28,0) -> Padrão (100%) sem blindagem - 300k - Contrato 2025 | AW13: =IF(VLOOKUP(N13,'Apólice Endosso'!D:XFD,47,0)=0,"",VLOOKUP(N13,'Apólice Endosso'!D:XFD,47,0)) | AX13: =VLOOKUP(N13,'Apólice Endosso'!D:XFD,30,0) -> 24455.05 | AY13: 3668.4659 | AZ13: 24455.05
A14: INCLUSAO | B14: 46119 | C14: 0 | D14: 05.31.37765770 | E14: 2103 | F14: 2103 | J14: 55.297.253/0001-60 | K14: TECNO TOOLS FERRAMENTAS E ABRASIVOS LTDA | L14: UEX4D43 | N14: 9BGEA48A0TG199730 | O14: GM - Chevrolet | P14: 5A48ATR7J | Q14: ONIX HATCH LS 1.0 12V FLEX 5P MEC. MY26 | R14: 2026 | S14: 2026 | T14: 004517-9 | U14: 85 | V14: 84669 | W14: 152.16 | X14: 420.86 | Y14: 0 | Z14: 65.21 | AA14: 0 | AB14: 0 | AC14: 0 | AD14: 0 | AE14: 0 | AF14: 12700.35 | AG14: 320000 | AH14: 150000 | AI14: 0 | AJ14: 150000 | AK14: 10000 | AL14: 10000 | AM14: 46113 | AN14: 46447 | AO14: 0 | AP14: 0 | AQ14: 0 | AR14: =((W14+Z14)*11) -> 2391.07 | AS14: =(AR14*70%)+((AR14*70%)*7.38%) -> 1797.2717 | AT14: 11/02/2026 | AU14: =VLOOKUP(N14,'Apólice Endosso'!D:XFD,23,0) -> 0 | AV14: =VLOOKUP(N14,'Apólice Endosso'!D:XFD,28,0) -> Padrão (100%) sem blindagem - 150k - Contrato 2025 | AW14: =IF(VLOOKUP(N14,'Apólice Endosso'!D:XFD,47,0)=0,"",VLOOKUP(N14,'Apólice Endosso'!D:XFD,47,0)) | AX14: =VLOOKUP(N14,'Apólice Endosso'!D:XFD,30,0) -> 5050.35 | AY14: 1809.0309 | AZ14: 5050.35
... A226: INCLUSAO | B226: 46140 | C226: 0 | D226: 05.31.37765770 | E226: 2103 | F226: 2103 | J226: 40.432.544/0001-47 | K226: CLARO | L226: QSR1H15 | N226: 9BGEB76D0TB127161 | O226: GM - Chevrolet | P226: 5B76DTR8D | Q226: TRACKER LT 1.0 TURBO 12V FLEX AUT. MY26 | R226: 2026 | S226: 2026 | T226: 004522-5 | U226: 85 | V226: 133248 | W226: 139.63 | X226: 587.42 | Y226: 0 | Z226: 59.84 | AA226: 0 | AB226: 0 | AC226: 0 | AD226: 0 | AE226: 0 | AF226: 19987.2 | AG226: 2220000 | AH226: 1000000 | AI226: 200000 | AJ226: 1000000 | AK226: 10000 | AL226: 10000 | AM226: 46113 | AN226: 46447 | AO226: 0 | AP226: 0 | AQ226: 0 | AR226: =((W226+Z226)*11) -> 2194.17 | AS226: =(AR226*70%)+((AR226*70%)*7.38%) -> 1649.2698 | AT226: 05/12/2025 | AU226: =VLOOKUP(N226,'Apólice Endosso'!D:XFD,23,0) -> 0 | AV226: =VLOOKUP(N226,'Apólice Endosso'!D:XFD,28,0) -> Padrão (100%) sem blindagem - 1M - Contrato 2025 | AW226: =IF(VLOOKUP(N226,'Apólice Endosso'!D:XFD,47,0)=0,"",VLOOKUP(N226,'Apólice Endosso'!D:XFD,47,0)) | AX226: =VLOOKUP(N226,'Apólice Endosso'!D:XFD,30,0) -> 7049 | AY226: 1673.5925 | AZ226: 7049
A227: INCLUSAO | B227: 46140 | C227: 0 | D227: 05.31.37765770 | E227: 2103 | F227: 2103 | J227: 40.432.544/0001-47 | K227: CLARO | L227: UEO4J06 | N227: 9BGEB76D0TB127300 | O227: GM - Chevrolet | P227: 5B76DTR8D | Q227: TRACKER LT 1.0 TURBO 12V FLEX AUT. MY26 | R227: 2026 | S227: 2026 | T227: 004522-5 | U227: 85 | V227: 133248 | W227: 139.63 | X227: 587.42 | Y227: 0 | Z227: 59.84 | AA227: 0 | AB227: 0 | AC227: 0 | AD227: 0 | AE227: 0 | AF227: 19987.2 | AG227: 2220000 | AH227: 1000000 | AI227: 200000 | AJ227: 1000000 | AK227: 10000 | AL227: 10000 | AM227: 46113 | AN227: 46447 | AO227: 0 | AP227: 0 | AQ227: 0 | AR227: =((W227+Z227)*11) -> 2194.17 | AS227: =(AR227*70%)+((AR227*70%)*7.38%) -> 1649.2698 | AT227: 05/12/2025 | AU227: =VLOOKUP(N227,'Apólice Endosso'!D:XFD,23,0) -> 0 | AV227: =VLOOKUP(N227,'Apólice Endosso'!D:XFD,28,0) -> Padrão (100%) sem blindagem - 1M - Contrato 2025 | AX227: =VLOOKUP(N227,'Apólice Endosso'!D:XFD,30,0) -> 7049 | AY227: 1673.5925 | AZ227: 7049
A228: INCLUSAO | B228: 46140 | C228: 0 | D228: 05.31.37765770 | E228: 2103 | F228: 2103 | J228: 43.894.609/0001-64 | K228: POLITEC SAUDE | L228: UES5I26 | N228: 9BGEA48H0TG205946 | O228: GM - Chevrolet | P228: 3A48HTRFL | Q228: ONIX HATCH 1.0 TB FLEX 5P MEC. MY26 | R228: 2026 | S228: 2026 | T228: 004512-8 | U228: 85 | V228: 97920 | W228: 163.68 | X228: 452.72 | Y228: 0 | Z228: 70.15 | AA228: 0 | AB228: 0 | AC228: 0 | AD228: 0 | AE228: 0 | AF228: 14688 | AG228: 320000 | AH228: 150000 | AI228: 0 | AJ228: 150000 | AK228: 10000 | AL228: 10000 | AM228: 46113 | AN228: 46447 | AO228: 0 | AP228: 0 | AQ228: 0 | AR228: =((W228+Z228)*11) -> 2572.13 | AS228: =(AR228*70%)+((AR228*70%)*7.38%) -> 1933.3672 | AT228: 12/12/2025 | AU228: =VLOOKUP(N228,'Apólice Endosso'!D:XFD,23,0) -> 0 | AV228: =VLOOKUP(N228,'Apólice Endosso'!D:XFD,28,0) -> Padrão (100%) sem blindagem - 150k - Contrato 2025 | AX228: =VLOOKUP(N228,'Apólice Endosso'!D:XFD,30,0) -> 5432.6 | AY228: 1933.5487 | AZ228: 5432.6
A229: INCLUSAO | B229: 46139 | C229: 0 | D229: 05.31.37765770 | E229: 2103 | F229: 2103 | J229: 05.239.984/0001-81 | K229: CHEDALGUS | L229: UDJ0A93 | N229: 9BGEA48A0TG219595 | O229: GM - Chevrolet | P229: 5A48ATR7J | Q229: ONIX HATCH LS 1.0 12V FLEX 5P MEC. MY26 | R229: 2026 | S229: 2026 | T229: 004517-9 | U229: 85 | V229: 84669 | W229: 152.16 | X229: 420.86 | Y229: 0 | Z229: 65.21 | AA229: 0 | AB229: 0 | AC229: 0 | AD229: 0 | AE229: 0 | AF229: 12700.35 | AG229: 320000 | AH229: 150000 | AI229: 0 | AJ229: 150000 | AK229: 10000 | AL229: 10000 | AM229: 46113 | AN229: 46447 | AO229: 0 | AP229: 0 | AQ229: 0 | AR229: =((W229+Z229)*11) -> 2391.07 | AS229: =(AR229*70%)+((AR229*70%)*7.38%) -> 1797.2717 | AT229: 13/02/2026 | AU229: =VLOOKUP(N229,'Apólice Endosso'!D:XFD,23,0) -> 0 | AV229: =VLOOKUP(N229,'Apólice Endosso'!D:XFD,28,0) -> Padrão (100%) sem blindagem - 150k - Contrato 2025 | AX229: =VLOOKUP(N229,'Apólice Endosso'!D:XFD,30,0) -> 5050.35 | AY229: 1809.0309 | AZ229: 5050.35
A230: INCLUSAO | B230: 46140 | C230: 0 | D230: 05.31.37765770 | E230: 2103 | F230: 2103 | J230: 05.847.630/0001-10 | K230: SOMA/SP PRODUTOS HOSPITALARES LTDA | L230: UFJ8E12 | N230: 9BGEA48A0TG209671 | O230: GM - Chevrolet | P230: 5A48ATR7J | Q230: ONIX HATCH LS 1.0 12V FLEX 5P MEC. MY26 | R230: 2026 | S230: 2026 | T230: 004517-9 | U230: 85 | V230: 84669 | W230: 152.16 | X230: 420.86 | Y230: 0 | Z230: 65.21 | AA230: 0 | AB230: 0 | AC230: 0 | AD230: 0 | AE230: 0 | AF230: 12700.35 | AG230: 320000 | AH230: 150000 | AI230: 0 | AJ230: 150000 | AK230: 10000 | AL230: 10000 | AM230: 46113 | AN230: 46447 | AO230: 0 | AP230: 0 | AQ230: 0 | AR230: =((W230+Z230)*11) -> 2391.07 | AS230: =(AR230*70%)+((AR230*70%)*7.38%) -> 1797.2717 | AT230: 19/02/2026 | AU230: =VLOOKUP(N230,'Apólice Endosso'!D:XFD,23,0) -> 0 | AV230: =VLOOKUP(N230,'Apólice Endosso'!D:XFD,28,0) -> Padrão (100%) sem blindagem - 150k - Contrato 2025 | AX230: =VLOOKUP(N230,'Apólice Endosso'!D:XFD,30,0) -> 5050.35 | AY230: 1809.0309 | AZ230: 5050.35
A231: INCLUSAO | B231: 46140 | C231: 0 | D231: 05.31.37765770 | E231: 2103 | F231: 2103 | J231: 00.391.234/0001-07 | K231: Eixosul - Importadora e Distribuidora Ltda | L231: UDW4J38 | N231: 9BGEA48A0TG191013 | O231: GM - Chevrolet | P231: 5A48ATR7J | Q231: ONIX HATCH LS 1.0 12V FLEX 5P MEC. MY26 | R231: 2026 | S231: 2026 | T231: 004517-9 | U231: 85 | V231: 84669 | W231: 160.88 | X231: 444.99 | Y231: 0 | Z231: 68.95 | AA231: 0 | AB231: 0 | AC231: 0 | AD231: 0 | AE231: 0 | AF231: 12700.35 | AG231: 320000 | AH231: 150000 | AI231: 0 | AJ231: 150000 | AK231: 10000 | AL231: 10000 | AM231: 46113 | AN231: 46447 | AO231: 0 | AP231: 0 | AQ231: 0 | AR231: =((W231+Z231)*11) -> 2528.13 | AS231: =(AR231*70%)+((AR231*70%)*7.38%) -> 1900.2942 | AT231: 30/12/2025 | AU231: =VLOOKUP(N231,'Apólice Endosso'!D:XFD,23,0) -> 0 | AV231: =VLOOKUP(N231,'Apólice Endosso'!D:XFD,28,0) -> Padrão (100%) sem blindagem - 150k - Contrato 2025 | AX231: =VLOOKUP(N231,'Apólice Endosso'!D:XFD,30,0) -> 5339.9 | AY231: 1903.2675 | AZ231: 5339.9
A232: INCLUSAO | B232: 46140 | C232: 0 | D232: 05.31.37765770 | E232: 2103 | F232: 2103 | J232: 88.065.321/0001-15 | K232: FCC CIENCIA DOS MATERIAIS LTDA | L232: QSY2H22 | N232: 9BGEA48A0TG212191 | O232: GM - Chevrolet | P232: 5A48ATR7J | Q232: ONIX HATCH LS 1.0 12V FLEX 5P MEC. MY26 | R232: 2026 | S232: 2026 | T232: 004517-9 | U232: 85 | V232: 84669 | W232: 152.16 | X232: 420.86 | Y232: 0 | Z232: 65.21 | AA232: 0 | AB232: 0 | AC232: 0 | AD232: 0 | AE232: 0 | AF232: 12700.35 | AG232: 320000 | AH232: 150000 | AI232: 0 | AJ232: 150000 | AK232: 10000 | AL232: 10000 | AM232: 46113 | AN232: 46447 | AO232: 0 | AP232: 0 | AQ232: 0 | AR232: =((W232+Z232)*11) -> 2391.07 | AS232: =(AR232*70%)+((AR232*70%)*7.38%) -> 1797.2717 | AT232: 24/02/2026 | AU232: =VLOOKUP(N232,'Apólice Endosso'!D:XFD,23,0) -> 0 | AV232: =VLOOKUP(N232,'Apólice Endosso'!D:XFD,28,0) -> Padrão (100%) sem blindagem - 150k - Contrato 2025 | AX232: =VLOOKUP(N232,'Apólice Endosso'!D:XFD,30,0) -> 5050.35 | AY232: 1809.0309 | AZ232: 5050.35
A233: INCLUSAO | B233: 46140 | C233: 0 | D233: 05.31.37765770 | E233: 2103 | F233: 2103 | J233: 88.065.321/0001-15 | K233: FCC CIENCIA DOS MATERIAIS LTDA | L233: UEE8C97 | N233: 9BGEA48A0TG211787 | O233: GM - Chevrolet | P233: 5A48ATR7J | Q233: ONIX HATCH LS 1.0 12V FLEX 5P MEC. MY26 | R233: 2026 | S233: 2026 | T233: 004517-9 | U233: 85 | V233: 84669 | W233: 152.16 | X233: 420.86 | Y233: 0 | Z233: 65.21 | AA233: 0 | AB233: 0 | AC233: 0 | AD233: 0 | AE233: 0 | AF233: 12700.35 | AG233: 320000 | AH233: 150000 | AI233: 0 | AJ233: 150000 | AK233: 10000 | AL233: 10000 | AM233: 46113 | AN233: 46447 | AO233: 0 | AP233: 0 | AQ233: 0 | AR233: =((W233+Z233)*11) -> 2391.07 | AS233: =(AR233*70%)+((AR233*70%)*7.38%) -> 1797.2717 | AT233: 24/02/2026 | AU233: =VLOOKUP(N233,'Apólice Endosso'!D:XFD,23,0) -> 0 | AV233: =VLOOKUP(N233,'Apólice Endosso'!D:XFD,28,0) -> Padrão (100%) sem blindagem - 150k - Contrato 2025 | AX233: =VLOOKUP(N233,'Apólice Endosso'!D:XFD,30,0) -> 5050.35 | AY233: 1809.0309 | AZ233: 5050.35
A234: INCLUSAO | B234: 46140 | C234: 0 | D234: 05.31.37765770 | E234: 2103 | F234: 2103 | J234: 88.065.321/0001-15 | K234: FCC CIENCIA DOS MATERIAIS LTDA | L234: UEO9F88 | N234: 9BGEA48A0TG211759 | O234: GM - Chevrolet | P234: 5A48ATR7J | Q234: ONIX HATCH LS 1.0 12V FLEX 5P MEC. MY26 | R234: 2026 | S234: 2026 | T234: 004517-9 | U234: 85 | V234: 84669 | W234: 152.16 | X234: 420.86 | Y234: 0 | Z234: 65.21 | AA234: 0 | AB234: 0 | AC234: 0 | AD234: 0 | AE234: 0 | AF234: 12700.35 | AG234: 320000 | AH234: 150000 | AI234: 0 | AJ234: 150000 | AK234: 10000 | AL234: 10000 | AM234: 46113 | AN234: 46447 | AO234: 0 | AP234: 0 | AQ234: 0 | AR234: =((W234+Z234)*11) -> 2391.07 | AS234: =(AR234*70%)+((AR234*70%)*7.38%) -> 1797.2717 | AT234: 24/02/2026 | AU234: =VLOOKUP(N234,'Apólice Endosso'!D:XFD,23,0) -> 0 | AV234: =VLOOKUP(N234,'Apólice Endosso'!D:XFD,28,0) -> Padrão (100%) sem blindagem - 150k - Contrato 2025 | AX234: =VLOOKUP(N234,'Apólice Endosso'!D:XFD,30,0) -> 5050.35 | AY234: 1809.0309 | AZ234: 5050.35
A235: INCLUSAO | B235: 46140 | C235: 0 | D235: 05.31.37765770 | E235: 2103 | F235: 2103 | J235: 88.065.321/0001-15 | K235: FCC CIENCIA DOS MATERIAIS LTDA | L235: UDW2D09 | N235: 9BGEA48A0TG212351 | O235: GM - Chevrolet | P235: 5A48ATR7J | Q235: ONIX HATCH LS 1.0 12V FLEX 5P MEC. MY26 | R235: 2026 | S235: 2026 | T235: 004517-9 | U235: 85 | V235: 84669 | W235: 152.16 | X235: 420.86 | Y235: 0 | Z235: 65.21 | AA235: 0 | AB235: 0 | AC235: 0 | AD235: 0 | AE235: 0 | AF235: 12700.35 | AG235: 320000 | AH235: 150000 | AI235: 0 | AJ235: 150000 | AK235: 10000 | AL235: 10000 | AM235: 46113 | AN235: 46447 | AO235: 0 | AP235: 0 | AQ235: 0 | AR235: =((W235+Z235)*11) -> 2391.07 | AS235: =(AR235*70%)+((AR235*70%)*7.38%) -> 1797.2717 | AT235: 24/02/2026 | AU235: =VLOOKUP(N235,'Apólice Endosso'!D:XFD,23,0) -> 0 | AV235: =VLOOKUP(N235,'Apólice Endosso'!D:XFD,28,0) -> Padrão (100%) sem blindagem - 150k - Contrato 2025 | AX235: =VLOOKUP(N235,'Apólice Endosso'!D:XFD,30,0) -> 5050.35 | AY235: 1809.0309 | AZ235: 5050.35
A236: INCLUSAO | B236: 46140 | C236: 0 | D236: 05.31.37765770 | E236: 2103 | F236: 2103 | J236: 88.065.321/0001-15 | K236: FCC CIENCIA DOS MATERIAIS LTDA | L236: QSP8D61 | N236: 9BGEA48A0TG212560 | O236: GM - Chevrolet | P236: 5A48ATR7J | Q236: ONIX HATCH LS 1.0 12V FLEX 5P MEC. MY26 | R236: 2026 | S236: 2026 | T236: 004517-9 | U236: 85 | V236: 84669 | W236: 152.16 | X236: 420.86 | Y236: 0 | Z236: 65.21 | AA236: 0 | AB236: 0 | AC236: 0 | AD236: 0 | AE236: 0 | AF236: 12700.35 | AG236: 320000 | AH236: 150000 | AI236: 0 | AJ236: 150000 | AK236: 10000 | AL236: 10000 | AM236: 46113 | AN236: 46447 | AO236: 0 | AP236: 0 | AQ236: 0 | AR236: =((W236+Z236)*11) -> 2391.07 | AS236: =(AR236*70%)+((AR236*70%)*7.38%) -> 1797.2717 | AT236: 24/02/2026 | AU236: =VLOOKUP(N236,'Apólice Endosso'!D:XFD,23,0) -> 0 | AV236: =VLOOKUP(N236,'Apólice Endosso'!D:XFD,28,0) -> Padrão (100%) sem blindagem - 150k - Contrato 2025 | AX236: =VLOOKUP(N236,'Apólice Endosso'!D:XFD,30,0) -> 5050.35 | AY236: 1809.0309 | AZ236: 5050.35
A237: INCLUSAO | B237: 46140 | C237: 0 | D237: 05.31.37765770 | E237: 2103 | F237: 2103 | J237: 08.417.568/0001-14 | K237: GAGLIARDI DISTRIBUIDORA | L237: QSQ2I96 | N237: 9BGEA48A0TG209705 | O237: GM - Chevrolet | P237: 5A48ATR7J | Q237: ONIX HATCH LS 1.0 12V FLEX 5P MEC. MY26 | R237: 2026 | S237: 2026 | T237: 004517-9 | U237: 85 | V237: 84669 | W237: 152.16 | X237: 420.86 | Y237: 0 | Z237: 65.21 | AA237: 0 | AB237: 0 | AC237: 0 | AD237: 0 | AE237: 0 | AF237: 12700.35 | AG237: 320000 | AH237: 150000 | AI237: 0 | AJ237: 150000 | AK237: 10000 | AL237: 10000 | AM237: 46113 | AN237: 46447 | AO237: 0 | AP237: 0 | AQ237: 0 | AR237: =((W237+Z237)*11) -> 2391.07 | AS237: =(AR237*70%)+((AR237*70%)*7.38%) -> 1797.2717 | AT237: 25/02/2026 | AU237: =VLOOKUP(N237,'Apólice Endosso'!D:XFD,23,0) -> 0 | AV237: =VLOOKUP(N237,'Apólice Endosso'!D:XFD,28,0) -> Padrão (100%) sem blindagem - 150k - Contrato 2025 | AX237: =VLOOKUP(N237,'Apólice Endosso'!D:XFD,30,0) -> 5050.35 | AY237: 1809.0309 | AZ237: 5050.35
A238: INCLUSAO | B238: 46141 | C238: 0 | D238: 05.31.37765770 | E238: 2103 | F238: 2103 | J238: 79.107.918/0001-94 | K238: TV INDEPENDENCIA LTDA | L238: UDP5D83 | N238: 9BGEA69H0TG199485 | O238: GM - Chevrolet | P238: 5A69HTR8B | Q238: ONIX SEDAN PLUS 1.0 12V TURBO FLEX AUT. MY26 | R238: 2026 | S238: 2026 | T238: 004499-7 | U238: 85 | V238: 108341 | W238: 137.88 | X238: 486.21 | Y238: 0 | Z238: 59.09 | AA238: 0 | AB238: 0 | AC238: 0 | AD238: 0 | AE238: 0 | AF238: 16251.15 | AG238: 320000 | AH238: 150000 | AI238: 0 | AJ238: 150000 | AK238: 10000 | AL238: 10000 | AM238: 46113 | AN238: 46447 | AO238: 0 | AP238: 0 | AQ238: 0 | AR238: =((W238+Z238)*11) -> 2166.67 | AS238: =(AR238*70%)+((AR238*70%)*7.38%) -> 1628.5992 | AT238: 30/01/2026 | AU238: =VLOOKUP(N238,'Apólice Endosso'!D:XFD,23,0) -> 0 | AV238: =VLOOKUP(N238,'Apólice Endosso'!D:XFD,28,0) -> Padrão (100%) sem blindagem - 150k - Contrato 2025 | AX238: =VLOOKUP(N238,'Apólice Endosso'!D:XFD,30,0) -> 5834.55 | AY238: 1654.6828 | AZ238: 5834.55
... A279: INCLUSAO | B279: 46142 | C279: 0 | D279: 05.31.37765770 | E279: 2103 | F279: 2103 | J279: 02.307.513/0001-75 | K279: EPLAN BRASIL LTDA | L279: TJX5I25 | N279: 3GN7D8RR7SS174802 | O279: GM - Chevrolet | P279: 3DLKRSPEE | Q279: Equinox EV 2025 | R279: 2025 | S279: 2025 | T279: 004554-3 | U279: 85 | V279: 0 | W279: 231.98 | X279: 1458.29 | Y279: 0 | Z279: 99.42 | AA279: 0 | AB279: 0 | AC279: 0 | AD279: 0 | AE279: 0 | AF279: 0 | AG279: 620000 | AH279: 300000 | AI279: 0 | AJ279: 300000 | AK279: 10000 | AL279: 10000 | AM279: 46113 | AN279: 46447 | AO279: 0 | AP279: 0 | AQ279: 0 | AR279: =((W279+Z279)*11) -> 3645.4 | AS279: =(AR279*70%)+((AR279*70%)*7.38%) -> 2740.1014 | AT279: 11/02/2026 | AU279: =VLOOKUP(N279,'Apólice Endosso'!D:XFD,23,0) -> 0 | AV279: =VLOOKUP(N279,'Apólice Endosso'!D:XFD,28,0) -> Padrão (100%) sem blindagem - 300k - Contrato 2025 | AX279: =VLOOKUP(N279,'Apólice Endosso'!D:XFD,30,0) -> 17499.5 | AY279: 2671.7433 | AZ279: 17499.5

Sheet Exclusão
AO1: Primeiro dia do mês seguinte após a devolução
A2: Dev Prêmio | B2: Endosso | C2: Data Endosso | D2: Item da Apólice | E2: N° Apólice Seguradora | F2: Seguradora | G2: Corretora | H2: Início da Vigência | I2: Final da Vigência | J2: Data Apólice | K2: Cnpj Cliente | L2: Cliente | M2: Placa | N2: Placa Substituição | O2: Chassi | P2: Montadora | Q2: Fabricante | R2: Modelo | S2: Ano Fabricação | T2: Ano Modelo | U2: Fipe | V2: Percentual Fipe | W2: Valor Fipe Veículo | X2: Valor Casco | Y2: Valor Franquia | Z2: Valor Desconto Franquia | AA2: Valor RCF | AB2: Valor Danos Materiais | AC2: Valor Danos Morais | AD2: Valor Danos Corporais | AE2: Valor App Morte | AF2: Valor App Invalidez | AG2: Premio Casco | AH2: Premio RCF | AI2: Prêmio Danos Materiais | AJ2: Prêmio Danos Morais | AK2: Prêmio Danos Corporais | AL2: Prêmio App Morte | AM2: Prêmio App Invalidez | AN2: Início Vigência (Item) | AO2: Final Vigência (Item) | AP2: Custo Emissão | AQ2: Tipo Cobertura | AR2: Região do Seguro
A34: =SUM(A3:A33) -> 0

Sheet Apólice Endosso
A1: Apolice Endossos
A5: Código | B5: Tipo Endosso | C5: Placa | D5: Chassi | E5: Segmento | F5: CNPJ | G5: Cliente | H5: Apólice | I5: Apólice Item | J5: Seguradora | K5: Corretora | L5: Início Vigência | M5: Final Vigência | N5: Data Endosso | O5: Contrato Master | P5: Contrato Item | Q5: Veículo Item | R5: Placa Substituição | S5: Montadora | T5: Fabricante | U5: Modelo | V5: Ano Fabricação | W5: Ano Modelo | X5: Combustível | Y5: Portas | Z5: Valor Blindagem | AA5: Valor Acessórios | AB5: Fipe | AC5: Percentual Fipe | AD5: Valor Fipe | AE5: Tipo Cobertura | AF5: Valor Casco | AG5: Valor Franquia | AH5: Desconto Franquia | AI5: Valor RCF | AJ5: Danos Materiais | AK5: Danos Morais | AL5: Danos Corporais | AM5: App Morte | AN5: App Invalidez | AO5: Prêmio Casco | AP5: Prêmio RCF | AQ5: Prêmio Danos Materiais | AR5: Prêmio Danos Morais | AS5: Prêmio Danos Corporais | AT5: Prêmio App Morte | AU5: Prêmio App Invalidez | AV5: Custo Emissão | AW5: Região Seguro | AX5: Cobertura Vidro | AY5: Valor Cobertura Vidro | AZ5: Valor Franquia Vidro
A6: 3920 | B6: Inclusão | C6: QSP8I11 | D6: 9BGEA48H0TG191769 | E6: Locação - Terceirização de Frotas | F6: 25.043.386/0001-40 | G6: PHINIA DELPHI BRASIL LTDA | H6: 0 | I6: 0 | J6: TOKIO MARINE | K6: TOKIO MARINE | N6: 46114 | O6: 10645 | P6: 1 | Q6: 1 | S6: GM - Chevrolet | T6: 5A48HTR7K | U6: ONIX 1.0 FLEX BASE TURBO AT - Azul Boreal | V6: 2026 | W6: 2026 | X6: Flex | Y6: 0 | Z6: 0 | AA6: 0 | AB6: 004514-4 | AC6: 85 | AD6: 104702 | AE6: Padrão (100%) sem blindagem - 150k - Contrato 2025 | AF6: 2105.82 | AG6: 5824.6 | AH6: 0 | AI6: 150000 | AJ6: 0 | AK6: 150000 | AL6: 10000 | AM6: 10000 | AN6: 601.66 | AO6: 0 | AP6: 150.42 | AQ6: 75.21 | AR6: 75.21 | AU6: 0 | AV6: 0
A7: 3921 | B7: Inclusão | C7: UFB0J24 | D7: 3GN7D8RR6SS170479 | E7: Locação - Terceirização de Frotas | F7: 54.946.356/0001-41 | G7: DIVINO CITRUS LTDA | H7: 0 | I7: 0 | J7: TOKIO MARINE | K7: TOKIO MARINE | N7: 46114 | O7: 10675 | P7: 1 | Q7: 1 | S7: GM - Chevrolet | T7: 3DLKRSPEE | U7: EQUINOX EV - Branco Summit | V7: 2025 | W7: 2025 | X7: Elétrico | Y7: 0 | Z7: 0 | AA7: 0 | AB7: 004554-3 | AC7: 85 | AD7: 431520 | AE7: Padrão (100%) sem blindagem - 300k - Contrato 2025 | AF7: 2783.8 | AG7: 17499.5 | AH7: 0 | AI7: 300000 | AJ7: 0 | AK7: 300000 | AL7: 10000 | AM7: 10000 | AN7: 795.37 | AO7: 0 | AP7: 198.84 | AQ7: 99.42 | AR7: 99.42 | AU7: 0 | AV7: 0
A8: 3922 | B8: Inclusão | C8: UDI1G51 | D8: 3GNKD9RK6RS256923 | E8: Locação - Terceirização de Frotas | F8: 43.017.222/0001-20 | G8: MEDSEG | H8: 0 | I8: 0 | J8: TOKIO MARINE | K8: TOKIO MARINE | N8: 46114 | O8: 10660 | P8: 1 | Q8: 1 | S8: GM - Chevrolet | T8: 3KCRJRPEA | U8: Blazer EV RS - Branco Abalone | V8: 2024 | W8: 2024 | X8: Elétrico | Y8: 0 | Z8: 0 | AA8: 0 | AB8: 004553-5 | AC8: 85 | AD8: 450414 | AE8: Padrão (100%) sem blindagem - 300k - Contrato 2025 | AF8: 3942.3 | AG8: 24782.1 | AH8: 0 | AI8: 300000 | AJ8: 0 | AK8: 300000 | AL8: 10000 | AM8: 10000 | AN8: 1126.37 | AO8: 0 | AP8: 281.59 | AQ8: 140.8 | AR8: 140.8 | AU8: 0 | AV8: 0
A9: 3923 | B9: Inclusão | C9: UDP2G94 | D9: 8AGEB76D0TR101038 | E9: Locação - Terceirização de Frotas | F9: 40.432.544/0001-47 | G9: CLARO | H9: 0 | I9: 0 | J9: TOKIO MARINE | K9: TOKIO MARINE | N9: 46114 | O9: 10420 | P9: 8 | Q9: 31 | S9: GM - Chevrolet | T9: 3B76DTR8D | U9: TRACKER LT 5DR 1,0T ROS - Branco Summit | V9: 2025 | W9: 2026 | X9: Flex | Y9: 0 | Z9: 0 | AA9: 0 | AB9: 004522-5 | AC9: 85 | AD9: 112451 | AE9: Padrão (100%) sem blindagem - 1M - Contrato 2025 | AF9: 1675.54 | AG9: 7049 | AH9: 0 | AI9: 1000000 | AJ9: 200000 | AK9: 1000000 | AL9: 10000 | AM9: 10000 | AN9: 450.37 | AO9: 450.37 | AP9: 112.59 | AQ9: 56.3 | AR9: 56.3 | AU9: 0 | AV9: 0
A10: 3924 | B10: Inclusão | C10: QSS3E70 | D10: 9BGEB76D0TB127146 | E10: Locação - Terceirização de Frotas | F10: 40.432.544/0001-47 | G10: CLARO | H10: 0 | I10: 0 | J10: TOKIO MARINE | K10: TOKIO MARINE | N10: 46114 | O10: 10420 | P10: 9 | Q10: 94 | S10: GM - Chevrolet | T10: 5B76DTR8D | U10: TRACKER LT 5DR 1,0T - Branco Summit | V10: 2026 | W10: 2026 | X10: Flex | Y10: 0 | Z10: 0 | AA10: 0 | AB10: 004522-5 | AC10: 85 | AD10: 133248 | AE10: Padrão (100%) sem blindagem - 1M - Contrato 2025 | AF10: 1675.54 | AG10: 7049 | AH10: 0 | AI10: 1000000 | AJ10: 200000 | AK10: 1000000 | AL10: 10000 | AM10: 10000 | AN10: 450.37 | AO10: 450.37 | AP10: 112.59 | AQ10: 56.3 | AR10: 56.3 | AU10: 0 | AV10: 0
A11: 3925 | B11: Inclusão | C11: UDM3A26 | D11: 9BGEB76D0TB126985 | E11: Locação - Terceirização de Frotas | F11: 40.432.544/0001-47 | G11: CLARO | H11: 0 | I11: 0 | J11: TOKIO MARINE | K11: TOKIO MARINE | N11: 46114 | O11: 10420 | P11: 9 | Q11: 95 | S11: GM - Chevrolet | T11: 5B76DTR8D | U11: TRACKER LT 5DR 1,0T - Branco Summit | V11: 2026 | W11: 2026 | X11: Flex | Y11: 0 | Z11: 0 | AA11: 0 | AB11: 004522-5 | AC11: 85 | AD11: 133248 | AE11: Padrão (100%) sem blindagem - 1M - Contrato 2025 | AF11: 1675.54 | AG11: 7049 | AH11: 0 | AI11: 1000000 | AJ11: 200000 | AK11: 1000000 | AL11: 10000 | AM11: 10000 | AN11: 450.37 | AO11: 450.37 | AP11: 112.59 | AQ11: 56.3 | AR11: 56.3 | AU11: 0 | AV11: 0
A12: 3926 | B12: Inclusão | C12: UDT3C49 | D12: 9BGEB76D0TB126931 | E12: Locação - Terceirização de Frotas | F12: 40.432.544/0001-47 | G12: CLARO | H12: 0 | I12: 0 | J12: TOKIO MARINE | K12: TOKIO MARINE | N12: 46114 | O12: 10420 | P12: 9 | Q12: 96 | S12: GM - Chevrolet | T12: 5B76DTR8D | U12: TRACKER LT 5DR 1,0T - Branco Summit | V12: 2026 | W12: 2026 | X12: Flex | Y12: 0 | Z12: 0 | AA12: 0 | AB12: 004522-5 | AC12: 85 | AD12: 133248 | AE12: Padrão (100%) sem blindagem - 1M - Contrato 2025 | AF12: 1675.54 | AG12: 7049 | AH12: 0 | AI12: 1000000 | AJ12: 200000 | AK12: 1000000 | AL12: 10000 | AM12: 10000 | AN12: 450.37 | AO12: 450.37 | AP12: 112.59 | AQ12: 56.3 | AR12: 56.3 | AU12: 0 | AV12: 0
A13: 3927 | B13: Inclusão | C13: GIY5G42 | D13: 9BGEA48H0TG205966 | E13: Locação - Terceirização de Frotas | F13: 43.894.609/0001-64 | G13: POLITEC SAUDE | H13: 0 | I13: 0 | J13: TOKIO MARINE | K13: TOKIO MARINE | N13: 46118 | O13: 10598 | P13: 1 | Q13: 8 | S13: GM - Chevrolet | T13: 3A48HTRFL | U13: ONIX HB BASE MT 5DR 1,0 TURBO - Preto Ouro Negro | V13: 2026 | W13: 2026 | X13: Álcool | Y13: 0 | Z13: 0 | AA13: 0 | AB13: 004512-8 | AC13: 85 | AD13: 97920 | AE13: Padrão (100%) sem blindagem - 150k - Contrato 2025 | AF13: 1964.1 | AG13: 5432.6 | AH13: 0 | AI13: 150000 | AJ13: 0 | AK13: 150000 | AL13: 10000 | AM13: 10000 | AN13: 561.17 | AO13: 0 | AP13: 140.29 | AQ13: 70.15 | AR13: 70.15 | AU13: 0 | AV13: 0
A14: 3928 | B14: Inclusão | C14: QSQ8G21 | D14: 9BGEA48A0TG199720 | E14: Locação - Terceirização de Frotas | F14: 55.297.253/0001-60 | G14: TECNO TOOLS FERRAMENTAS E ABRASIVOS LTDA | H14: 0 | I14: 0 | J14: TOKIO MARINE | K14: TOKIO MARINE | N14: 46118 | O14: 10119 | P14: 3 | Q14: 1 | S14: GM - Chevrolet | T14: 5A48ATR7J | U14: ONIX 1.0 FLEX LS MT - Branco Summit | V14: 2026 | W14: 2026 | X14: Flex | Y14: 0 | Z14: 0 | AA14: 0 | AB14: 004517-9 | AC14: 85 | AD14: 84669 | AE14: Padrão (100%) sem blindagem - 150k - Contrato 2025 | AF14: 1825.9 | AG14: 5050.35 | AH14: 0 | AI14: 150000 | AJ14: 0 | AK14: 150000 | AL14: 10000 | AM14: 10000 | AN14: 521.69 | AO14: 0 | AP14: 130.42 | AQ14: 65.21 | AR14: 65.21 | AU14: 0 | AV14: 0
A15: 3938 | B15: Inclusão | C15: UFH2J24 | D15: 9BGEA48H0TG205958 | E15: Locação - Terceirização de Frotas | F15: 43.894.609/0001-64 | G15: POLITEC SAUDE | H15: 0 | I15: 0 | J15: TOKIO MARINE | K15: TOKIO MARINE | N15: 46119 | O15: 10598 | P15: 1 | Q15: 9 | S15: GM - Chevrolet | T15: 3A48HTRFL | U15: ONIX HB BASE MT 5DR 1,0 TURBO - Preto Ouro Negro | V15: 2026 | W15: 2026 | X15: Álcool | Y15: 0 | Z15: 0 | AA15: 0 | AB15: 004512-8 | AC15: 85 | AD15: 97920 | AE15: Padrão (100%) sem blindagem - 150k - Contrato 2025 | AF15: 1964.1 | AG15: 5432.6 | AH15: 0 | AI15: 150000 | AJ15: 0 | AK15: 150000 | AL15: 10000 | AM15: 10000 | AN15: 561.17 | AO15: 0 | AP15: 140.29 | AQ15: 70.15 | AR15: 70.15 | AU15: 0 | AV15: 0
A16: 3939 | B16: Inclusão | C16: UDL7A42 | D16: 3GNKD9RK7RS256526 | E16: Locação - Terceirização de Frotas | F16: 07.457.118/0001-92 | G16: MAESTRA PRESTACAO DE SERVICOS DE APOIO A EDUCACAO LTDA | H16: 0 | I16: 0 | J16: TOKIO MARINE | K16: TOKIO MARINE | N16: 46119 | O16: 10619 | P16: 1 | Q16: 2 | S16: GM - Chevrolet | T16: 3KCRJRPEA | U16: Blazer EV RS - Branco Abalone | V16: 2024 | W16: 2024 | X16: Elétrico | Y16: 0 | Z16: 0 | AA16: 0 | AB16: 004553-5 | AC16: 85 | AD16: 450414 | AE16: Padrão (100%) sem blindagem - 300k - Contrato 2025 | AF16: 3890.28 | AG16: 24455.05 | AH16: 0 | AI16: 300000 | AJ16: 0 | AK16: 300000 | AL16: 10000 | AM16: 10000 | AN16: 1111.51 | AO16: 0 | AP16: 277.88 | AQ16: 138.94 | AR16: 138.94 | AU16: 0 | AV16: 0
A17: 3940 | B17: Inclusão | C17: UEX4D43 | D17: 9BGEA48A0TG199730 | E17: Locação - Terceirização de Frotas | F17: 55.297.253/0001-60 | G17: TECNO TOOLS FERRAMENTAS E ABRASIVOS LTDA | H17: 0 | I17: 0 | J17: TOKIO MARINE | K17: TOKIO MARINE | N17: 46119 | O17: 10119 | P17: 3 | Q17: 2 | S17: GM - Chevrolet | T17: 5A48ATR7J | U17: ONIX 1.0 FLEX LS MT - Branco Summit | V17: 2026 | W17: 2026 | X17: Flex | Y17: 0 | Z17: 0 | AA17: 0 | AB17: 004517-9 | AC17: 85 | AD17: 84669 | AE17: Padrão (100%) sem blindagem - 150k - Contrato 2025 | AF17: 1825.9 | AG17: 5050.35 | AH17: 0 | AI17: 150000 | AJ17: 0 | AK17: 150000 | AL17: 10000 | AM17: 10000 | AN17: 521.69 | AO17: 0 | AP17: 130.42 | AQ17: 65.21 | AR17: 65.21 | AU17: 0 | AV17: 0
... A257: 4191 | B257: Inclusão | C257: UEI7C67 | D257: 9BGEA48A0TG219596 | E257: Locação - Terceirização de Frotas | F257: 05.239.984/0001-81 | G257: CHEDALGUS | H257: 0 | I257: 0 | J257: TOKIO MARINE | K257: TOKIO MARINE | N257: 46139 | O257: 10151 | P257: 5 | Q257: 4 | S257: GM - Chevrolet | T257: 5A48ATR7J | U257: ONIX HB 1.0 MT 5 LUGARES - Preto Ouro Negro | V257: 2026 | W257: 2026 | X257: Flex | Y257: 0 | Z257: 0 | AA257: 0 | AB257: 004517-9 | AC257: 85 | AD257: 84669 | AE257: Padrão (100%) sem blindagem - 150k - Contrato 2025 | AF257: 1825.9 | AG257: 5050.35 | AH257: 0 | AI257: 150000 | AJ257: 0 | AK257: 150000 | AL257: 10000 | AM257: 10000 | AN257: 521.69 | AO257: 0 | AP257: 130.42 | AQ257: 65.21 | AR257: 65.21 | AU257: 0 | AV257: 0
A258: 4134 | B258: Inclusão | C258: UEO7F35 | D258: 3GN7D8RR8RS277477 | E258: Dealer Plan | F258: 02.020.620/0005-41 | G258: VIAMAR (PEREIRA BARRETO) | H258: 841 | I258: 14 | J258: TOKIO MARINE | K258: TOKIO MARINE | L258: 46023 | M258: 46082 | N258: 46136 | O258: 10427 | P258: 6 | Q258: 1 | S258: GM - Chevrolet | T258: 3DLKRRPEE | U258: Equinox EV RS - Prata Shark | V258: 2024 | W258: 2024 | X258: Elétrico | Y258: 0 | Z258: 0 | AA258: 0 | AB258: 004554-3 | AC258: 85 | AD258: 379499 | AE258: Padrão (100%) sem blindagem - 300k - Contrato 2025 | AF258: 3473.48 | AG258: 21835 | AH258: 0 | AI258: 300000 | AJ258: 0 | AK258: 300000 | AL258: 10000 | AM258: 10000 | AN258: 992.42 | AO258: 0 | AP258: 248.11 | AQ258: 124.05 | AR258: 124.05 | AU258: 0 | AV258: 0
A259: 4195 | B259: Inclusão | C259: UER4A18 | D259: 9BGEA48A0TG219599 | E259: Locação - Terceirização de Frotas | F259: 05.239.984/0001-81 | G259: CHEDALGUS | H259: 0 | I259: 0 | J259: TOKIO MARINE | K259: TOKIO MARINE | N259: 46139 | O259: 10151 | P259: 4 | Q259: 3 | S259: GM - Chevrolet | T259: 5A48ATR7J | U259: ONIX HB 1.0 MT 5 LUGARES - Preto Ouro Negro | V259: 2026 | W259: 2026 | X259: Flex | Y259: 0 | Z259: 0 | AA259: 0 | AB259: 004517-9 | AC259: 85 | AD259: 84669 | AE259: Padrão (100%) sem blindagem - 150k - Contrato 2025 | AF259: 1825.9 | AG259: 5050.35 | AH259: 0 | AI259: 150000 | AJ259: 0 | AK259: 150000 | AL259: 10000 | AM259: 10000 | AN259: 521.69 | AO259: 0 | AP259: 130.42 | AQ259: 65.21 | AR259: 65.21 | AU259: 0 | AV259: 0
A260: 4295 | B260: Inclusão | C260: UDN2C97 | D260: 9BGJP7520TB202495 | E260: Funcionário | F260: 162.796.558-06 | G260: Manoel Rama Neto | H260: 0 | I260: 0 | J260: TOKIO MARINE | K260: TOKIO MARINE | N260: 46142 | O260: 10702 | P260: 1 | Q260: 1 | S260: GM - Chevrolet | T260: 5P752TR6S | U260: SPIN PREMIER 1.8 AT 7 LUGARES - Azul Boreal | V260: 2026 | W260: 2026 | X260: Flex | Y260: 0 | Z260: 0 | AA260: 0 | AB260: 004417-2 | AC260: 85 | AD260: 133163 | AE260: Padrão (100%) sem blindagem - 300k - Contrato 2025 | AF260: 2331.69 | AG260: 8069.1 | AH260: 0 | AI260: 300000 | AJ260: 0 | AK260: 300000 | AL260: 10000 | AM260: 10000 | AN260: 645.27 | AO260: 0 | AP260: 161.32 | AQ260: 83.27 | AR260: 83.27 | AU260: 0 | AV260: 0
A261: 4296 | B261: Inclusão | C261: UDP5F69 | D261: 3GNKD9RK8RS264358 | E261: Smart Car | F261: 125.808.358-22 | G261: Claudio Almeida Prado | H261: 0 | I261: 0 | J261: TOKIO MARINE | K261: TOKIO MARINE | N261: 46142 | O261: 10595 | P261: 1 | Q261: 1 | S261: GM - Chevrolet | T261: 3KCRJRPEA | U261: Blazer EV RS - Prata Shark | V261: 2024 | W261: 2024 | X261: Elétrico | Y261: 0 | Z261: 103020 | AA261: 0 | AB261: 004553-5 | AC261: 85 | AD261: 450414 | AE261: Padrão (100%) com blindagem - 300k - Contrato 2025 | AF261: 5263.78 | AG261: 25136.6 | AH261: 0 | AI261: 300000 | AJ261: 0 | AK261: 300000 | AL261: 10000 | AM261: 10000 | AN261: 1503.94 | AO261: 0 | AP261: 375.98 | AQ261: 187.99 | AR261: 187.99 | AU261: 0 | AV261: 0
A262: 4297 | B262: Inclusão | C262: UEK0B76 | D262: 9BGEA48A0TG209921 | E262: Locação - Terceirização de Frotas | F262: 05.847.630/0001-10 | G262: SOMA/SP PRODUTOS HOSPITALARES LTDA | H262: 0 | I262: 0 | J262: TOKIO MARINE | K262: TOKIO MARINE | N262: 46142 | O262: 10669 | P262: 1 | Q262: 18 | S262: GM - Chevrolet | T262: 5A48ATR7J | U262: ONIX HB 1.0 MT 5 LUGARES - Branco Summit | V262: 2026 | W262: 2026 | X262: Flex | Y262: 0 | Z262: 0 | AA262: 0 | AB262: 004517-9 | AC262: 85 | AD262: 84669 | AE262: Padrão (100%) sem blindagem - 150k - Contrato 2025 | AF262: 1825.9 | AG262: 5050.35 | AH262: 0 | AI262: 150000 | AJ262: 0 | AK262: 150000 | AL262: 10000 | AM262: 10000 | AN262: 521.69 | AO262: 0 | AP262: 130.42 | AQ262: 65.21 | AR262: 65.21 | AU262: 0 | AV262: 0
A263: 4298 | B263: Inclusão | C263: UFF9G42 | D263: 9BGEA48A0TG199738 | E263: Locação - Terceirização de Frotas | F263: 12.927.876/0001-67 | G263: SOMA/MG PRODUTOS HOSPITALARES LTDA | H263: 0 | I263: 0 | J263: TOKIO MARINE | K263: TOKIO MARINE | N263: 46142 | O263: 10670 | P263: 1 | Q263: 5 | S263: GM - Chevrolet | T263: 5A48ATR7J | U263: ONIX HB 1.0 MT 5 LUGARES - Branco Summit | V263: 2026 | W263: 2026 | X263: Flex | Y263: 0 | Z263: 0 | AA263: 0 | AB263: 004517-9 | AC263: 85 | AD263: 84669 | AE263: Padrão (100%) sem blindagem - 150k - Contrato 2025 | AF263: 1825.9 | AG263: 5050.35 | AH263: 0 | AI263: 150000 | AJ263: 0 | AK263: 150000 | AL263: 10000 | AM263: 10000 | AN263: 521.69 | AO263: 0 | AP263: 130.42 | AQ263: 65.21 | AR263: 65.21 | AU263: 0 | AV263: 0
A264: 4299 | B264: Inclusão | C264: UDM3B73 | D264: 9BGEA48A0TG209655 | E264: Locação - Terceirização de Frotas | F264: 12.927.876/0001-67 | G264: SOMA/MG PRODUTOS HOSPITALARES LTDA | H264: 0 | I264: 0 | J264: TOKIO MARINE | K264: TOKIO MARINE | N264: 46142 | O264: 10670 | P264: 1 | Q264: 6 | S264: GM - Chevrolet | T264: 5A48ATR7J | U264: ONIX HB 1.0 MT 5 LUGARES - Branco Summit | V264: 2026 | W264: 2026 | X264: Flex | Y264: 0 | Z264: 0 | AA264: 0 | AB264: 004517-9 | AC264: 85 | AD264: 84669 | AE264: Padrão (100%) sem blindagem - 150k - Contrato 2025 | AF264: 1825.9 | AG264: 5050.35 | AH264: 0 | AI264: 150000 | AJ264: 0 | AK264: 150000 | AL264: 10000 | AM264: 10000 | AN264: 521.69 | AO264: 0 | AP264: 130.42 | AQ264: 65.21 | AR264: 65.21 | AU264: 0 | AV264: 0
A265: 4300 | B265: Inclusão | C265: UFK0H58 | D265: 9BGEB48H0TG199947 | E265: Locação - Terceirização de Frotas | F265: 84.920.792/0001-02 | G265: OBRA PRIMA S/A TECNOLOGIA E ADMINISTRACAO DE SERVICOS | H265: 0 | I265: 0 | J265: TOKIO MARINE | K265: TOKIO MARINE | N265: 46142 | O265: 10625 | P265: 2 | Q265: 1 | S265: GM - Chevrolet | T265: 5B48HTRFO | U265: ONIX HB LT 1.0 AT 5 LUGARES - Branco Summit | V265: 2026 | W265: 2026 | X265: Flex | Y265: 0 | Z265: 0 | AA265: 0 | AB265: 004511-0 | AC265: 85 | AD265: 97320 | AE265: Padrão (100%) sem blindagem - 150k - Contrato 2025 | AF265: 2078.57 | AG265: 5749.2 | AH265: 0 | AI265: 150000 | AJ265: 0 | AK265: 150000 | AL265: 10000 | AM265: 10000 | AN265: 593.88 | AO265: 0 | AP265: 148.47 | AQ265: 74.23 | AR265: 74.23 | AU265: 0 | AV265: 0
A266: 4301 | B266: Inclusão | C266: UEI0F57 | D266: 9BGEA43T0TB190363 | E266: Locação - Terceirização de Frotas | F266: 23.751.598/0001-56 | G266: DNAGRO DO BRASIL LTDA | H266: 0 | I266: 0 | J266: TOKIO MARINE | K266: TOKIO MARINE | N266: 46142 | O266: 10638 | P266: 1 | Q266: 1 | S266: GM - Chevrolet | T266: 5A43TTRFA | U266: MONTANA LS 1.2 MT 5 LUGARES - Branco Summit | V266: 2026 | W266: 2026 | X266: Flex | Y266: 0 | Z266: 0 | AA266: 0 | AB266: 004539-0 | AC266: 85 | AD266: 128041 | AE266: Padrão (100%) sem blindagem - 150k - Contrato 2025 | AF266: 2272.43 | AG266: 6978.5 | AH266: 0 | AI266: 150000 | AJ266: 0 | AK266: 150000 | AL266: 10000 | AM266: 10000 | AN266: 649.27 | AO266: 0 | AP266: 162.32 | AQ266: 81.16 | AR266: 81.16 | AU266: 0 | AV266: 0
A267: 4302 | B267: Inclusão | C267: UEK3C98 | D267: 9BGEA48A0TG209834 | E267: Locação - Terceirização de Frotas | F267: 88.065.321/0001-15 | G267: FCC CIENCIA DOS MATERIAIS LTDA | H267: 0 | I267: 0 | J267: TOKIO MARINE | K267: TOKIO MARINE | N267: 46142 | O267: 10681 | P267: 1 | Q267: 45 | S267: GM - Chevrolet | T267: 5A48ATR7J | U267: ONIX HB 1.0 MT 5 LUGARES - Branco Summit | V267: 2026 | W267: 2026 | X267: Flex | Y267: 0 | Z267: 0 | AA267: 0 | AB267: 004517-9 | AC267: 85 | AD267: 84669 | AE267: Padrão (100%) sem blindagem - 150k - Contrato 2025 | AF267: 1825.9 | AG267: 5050.35 | AH267: 0 | AI267: 150000 | AJ267: 0 | AK267: 150000 | AL267: 10000 | AM267: 10000 | AN267: 521.69 | AO267: 0 | AP267: 130.42 | AQ267: 65.21 | AR267: 65.21 | AU267: 0 | AV267: 0
A268: 4303 | B268: Inclusão | C268: UEP1F51 | D268: 9BGEA48A0TG211574 | E268: Locação - Terceirização de Frotas | F268: 88.065.321/0001-15 | G268: FCC CIENCIA DOS MATERIAIS LTDA | H268: 0 | I268: 0 | J268: TOKIO MARINE | K268: TOKIO MARINE | N268: 46142 | O268: 10681 | P268: 1 | Q268: 46 | S268: GM - Chevrolet | T268: 5A48ATR7J | U268: ONIX HB 1.0 MT 5 LUGARES - Branco Summit | V268: 2026 | W268: 2026 | X268: Flex | Y268: 0 | Z268: 0 | AA268: 0 | AB268: 004517-9 | AC268: 85 | AD268: 84669 | AE268: Padrão (100%) sem blindagem - 150k - Contrato 2025 | AF268: 1825.9 | AG268: 5050.35 | AH268: 0 | AI268: 150000 | AJ268: 0 | AK268: 150000 | AL268: 10000 | AM268: 10000 | AN268: 521.69 | AO268: 0 | AP268: 130.42 | AQ268: 65.21 | AR268: 65.21 | AU268: 0 | AV268: 0
A269: 4304 | B269: Inclusão | C269: UDD0H14 | D269: 9BGEA48A0TG211839 | E269: Locação - Terceirização de Frotas | F269: 88.065.321/0001-15 | G269: FCC CIENCIA DOS MATERIAIS LTDA | H269: 0 | I269: 0 | J269: TOKIO MARINE | K269: TOKIO MARINE | N269: 46142 | O269: 10681 | P269: 1 | Q269: 47 | S269: GM - Chevrolet | T269: 5A48ATR7J | U269: ONIX HB 1.0 MT 5 LUGARES - Branco Summit | V269: 2026 | W269: 2026 | X269: Flex | Y269: 0 | Z269: 0 | AA269: 0 | AB269: 004517-9 | AC269: 85 | AD269: 84669 | AE269: Padrão (100%) sem blindagem - 150k - Contrato 2025 | AF269: 1825.9 | AG269: 5050.35 | AH269: 0 | AI269: 150000 | AJ269: 0 | AK269: 150000 | AL269: 10000 | AM269: 10000 | AN269: 521.69 | AO269: 0 | AP269: 130.42 | AQ269: 65.21 | AR269: 65.21 | AU269: 0 | AV269: 0
A270: 4305 | B270: Inclusão | C270: UDQ4D66 | D270: 9BGEA48A0TG212220 | E270: Locação - Terceirização de Frotas | F270: 88.065.321/0001-15 | G270: FCC CIENCIA DOS MATERIAIS LTDA | H270: 0 | I270: 0 | J270: TOKIO MARINE | K270: TOKIO MARINE | N270: 46142 | O270: 10681 | P270: 1 | Q270: 48 | S270: GM - Chevrolet | T270: 5A48ATR7J | U270: ONIX HB 1.0 MT 5 LUGARES - Branco Summit | V270: 2026 | W270: 2026 | X270: Flex | Y270: 0 | Z270: 0 | AA270: 0 | AB270: 004517-9 | AC270: 85 | AD270: 84669 | AE270: Padrão (100%) sem blindagem - 150k - Contrato 2025 | AF270: 1825.9 | AG270: 5050.35 | AH270: 0 | AI270: 150000 | AJ270: 0 | AK270: 150000 | AL270: 10000 | AM270: 10000 | AN270: 521.69 | AO270: 0 | AP270: 130.42 | AQ270: 65.21 | AR270: 65.21 | AU270: 0 | AV270: 0
... A282: 4319 | B282: Inclusão | C282: TJX5I25 | D282: 3GN7D8RR7SS174802 | E282: Locação - Terceirização de Frotas | F282: 02.307.513/0001-75 | G282: EPLAN BRASIL LTDA | H282: 0 | I282: 0 | J282: TOKIO MARINE | K282: TOKIO MARINE | N282: 46142 | O282: 10673 | P282: 1 | Q282: 1 | S282: GM - Chevrolet | T282: 3DLKRSPEE | U282: EQUINOX EV RS - Preto Global | V282: 2025 | W282: 2025 | X282: Elétrico | Y282: 0 | Z282: 0 | AA282: 0 | AB282: 004554-3 | AC282: 85 | AD282: 431520 | AE282: Padrão (100%) sem blindagem - 300k - Contrato 2025 | AF282: 2783.8 | AG282: 17499.5 | AH282: 0 | AI282: 300000 | AJ282: 0 | AK282: 300000 | AL282: 10000 | AM282: 10000 | AN282: 795.37 | AO282: 0 | AP282: 198.84 | AQ282: 99.42 | AR282: 99.42 | AU282: 0 | AV282: 0
